<?xml version="1.0" encoding="UTF-8" standalone="yes"?>
<addon id="plugin.audio.qobuz" name="Qobuz XBMC" version="0.9.12"
	provider-name="d@corp">
	<requires>
		<import addon="xbmc.python" version="2.0" />
		<import addon="script.module.requests"/> 
	</requires>
	<extension point="xbmc.python.pluginsource" library="default.py">
		<provides>audio</provides>
	</extension>
	<extension point="xbmc.addon.metadata">
		<platform>all</platform>
		<summary lang="en">Qobuz addon for XBMC.</summary>
		<description lang="en">
Qobuz addon for XBMC. It enables accessto Qobuz music streaming service. You should enter your Qobuz username and password in the addon settings and you need a valid subscription. (This application uses the Qobuz API but is not certified by Qobuz.)
		</description>
		<description lang="fr">
addon Qobuz pour XBMC. Il permet d'accéder à l'ensemble du service streaming de Qobuz. Vous devez fournir un nom d'utilisateur ainsi qu'un mot de passe dans les paramètres de l'addon et un abonnement valide (This application uses the Qobuz API but is not certified by Qobuz.)
		</description>
	</extension>
	<!--
	<extension point="xbmc.service" library="resources/lib/qobuz/services/qobuzresolver.py" start='login'>
	</extension>
	-->
</addon>

