<!--
#     Copyright 2011 Joachim Basmaison, Cyril Leclerc
#
#     This file is part of xbmc-qobuz.
#
#     xbmc-qobuz is free software: you can redistribute it and/or modify
#     it under the terms of the GNU General Public License as published by
#     the Free Software Foundation, either version 3 of the License, or
#     (at your option) any later version.
#
#     xbmc-qobuz is distributed in the hope that it will be useful,
#     but WITHOUT ANY WARRANTY; without even the implied warranty of
#     MERCHANTABILITY or FITNESS FOR A PARTICULAR PURPOSE.   See the
#     GNU General Public License for more details.
#
#     You should have received a copy of the GNU General Public License
#     along with xbmc-qobuz.   If not, see <http://www.gnu.org/licenses/>.
-->
<?xml version="1.0" encoding="UTF-8"?>
<addoninfo>
	<!--
		(required) guuid: unique identifier of this addon guuids can be
		generated online at sites such as
		http://www.famkruithof.net/uuid/uuidgen
	-->
	<guid>d2d9c790-fe2f-11df-8cff-0800200c9a70</guid>

	<!--
		(required) type: 1: visualization 2: skin 3: pvrdll 4: script 5:
		scraper 6: screensaver 7: plugin-pvr 8: plugin-video 9: plugin-music
		10: plugin-program 11: plugin-pictures 12: plugin-weather
	-->
	<type>9</type>

	<!-- (required) Title -->
	<title>Qobuz XBMC</title>

	<!-- (required) Major.minor.build -->
	<version>0.9.12</version>

	<!--
		(required) author name & email. at least one author name is required
	-->
	<authors>
		<author name="Joachim Basmaison" email="joachim.basmaison@gmail.com" />
		<author name="Tidalf" email="cyril.leclerc@gmail.com" />
	</authors>

	<!-- (required) Short description of addon. -->
	<summary>Qobuz addon for XBMC)</summary>

	<!--
		Longer descrption of addon. Usage instructions should go here if
		required.
	-->
		<description lang="en">
Qobuz addon for XBMC. It enables accessto Qobuz music streaming service. You should enter your Qobuz username and password in the addon settings and you need a valid subscription. (This application uses the Qobuz API but is not certified by Qobuz.)
		</description>		
		<description lang="fr">
addon Qobuz pour XBMC. Il permet d'accéder à l'ensemble du service streaming de Qobuz. Vous devez fournir un nom d'utilisateur ainsi qu'un mot de passe dans les paramètres de l'addon et un abonnement valide (This application uses the Qobuz API but is not certified by Qobuz.)
		</description>
	<!-- user defined tags e.g. <tags><tag>Example</tag></tags> -->
	<tags>
		<tag></tag>
	</tags>

	<!--
		minimum revision of xbmc your addon will run on. Leave blank all
		revisions
	-->
	<minrevision>r21819</minrevision>

	<!--
		platforms compatible with your addon. xbox, osx, windows, linux, or
		all
	-->
	<platforms>
		<platform>windows,linux, osx</platform>
	</platforms>

	<!--
		list any dependancies (such as another addon, your addon may have.
		minversion and maxversion are optional
	-->
	<dependencies>
		<dependency minversion="" maxversion=""></dependency>
	</dependencies>

	<!--
		(optional) Whatever is put in disclaimer will be shown before download
		in an ok/cancel dialog. Keep it short and to the point.
	-->
	<disclaimer></disclaimer>

	<!-- (optional) The License the addon is released under.-->
	<license>GPL</license>
</addoninfo>
