﻿<window id="8569" type="dialog">
	<defaultcontrol always="false">2</defaultcontrol>
	<allowoverlay>yes</allowoverlay>
	<visible>true</visible>
	<coordinates>
		<system>1</system>
		<posx>200</posx>
		<posy>200</posy>
	</coordinates>

	
	<controls>
<control type="group">
        <backgroundcolor>0x000000EE</backgroundcolor>
    <colordiffuse>0x000000FF</colordiffuse>
<!-- <control type="visualisation" id ="3">
      <description>My first visualisation control</description>
      <posx>80</posx>
      <posy>60</posy>
      <width>250</width>
      <height>200</height>
      <visible>true</visible>
</control> -->
		<control type="label" id=1>
            <posy>10</posy>
            <height>25</height>
		      <label>Qobuz powered search</label>
		</control>
		<control type="radiobutton" id="2">
			<description>Artist</description>
			<type>radiobutton</type>
			<visible>true</visible>
			<label>Artist</label>
			<align>left</align>
			<aligny>center</aligny>
			<!-- <textoffsetx>4</textoffsetx> <textoffsety>5</textoffsety> -->
			<pulseonselect>false</pulseonselect>
			<onfocus>-</onfocus>
			<onunfocus>-</onunfocus>
			<onup>2</onup>
			<ondown>3</ondown>
			<onleft>1</onleft>
			<onright>1</onright>
			<posy>10</posy>
			<height>25</height>
			         <selected>True</selected>
		</control>
		<control type="radiobutton" id="3">
			<description>Album</description>
			<type>radiobutton</type>
			<visible>true</visible>
			<label>Artist</label>
			<align>left</align>
			<aligny>center</aligny>
			<!-- <textoffsetx>4</textoffsetx> <textoffsety>5</textoffsety> -->
			<pulseonselect>false</pulseonselect>
			<onfocus>-</onfocus>
			<onunfocus>-</onunfocus>
			<onup>2</onup>
			<ondown>3</ondown>
			<onleft>1</onleft>
			<onright>1</onright>
			<posy>35</posy>
			<height>25</height>
			         <selected>True</selected>
		</control>
		<control type="radiobutton" id="4">
			<description>Track</description>
			<type>radiobutton</type>
			<visible>true</visible>
			<label>Track</label>
			<align>left</align>
			<aligny>center</aligny>
			<!-- <textoffsetx>4</textoffsetx> <textoffsety>5</textoffsety> -->
			<pulseonselect>false</pulseonselect>
			<onfocus>-</onfocus>
			<onunfocus>-</onunfocus>
			<onup>2</onup>
			<ondown>3</ondown>
			<onleft>1</onleft>
			<onright>1</onright>
			<posy>60</posy>
			<height>25</height>
			<selected>True</selected>
		</control>

		</control> 

	</controls>
</window>