<?xml version="1.0" encoding="UTF-8" standalone="yes"?>
<addon id="script.module.requests"
       name="Requests"
       version="3.2.0"
       provider-name="keith">
  <requires>
    <import addon="xbmc.python" 
    		version="2.0"/>
  </requires>
  <extension point="xbmc.python.module"
             library="lib" />
  <extension point="xbmc.addon.metadata">
    <summary>HTTP lib</summary>
    <description>Beautiful http lib</description>
    <license>BSD</license>
    <platform>all</platform>
  </extension>
</addon>
