<?xml version="1.0" encoding="UTF-8" standalone="yes"?>
<addon id="plugin.audio.qobuz" name="Qobuz XBMC" version="0.11.0"
	provider-name="d@corp">
	<requires>
		<import addon="xbmc.python" version="2.1.0" />
		<import addon="script.module.requests" version="1.0.4" />
		<!-- <import addon="script.common.plugin.cache" version="1.3.0"/> -->
	</requires>
	<extension point="xbmc.python.pluginsource" library="default.py">
		<provides>audio</provides>
	</extension>
	<extension point="xbmc.addon.metadata">
		<language>en fr</language>
		<summary lang="en">Qobuz addon for XBMC.</summary>
		<description lang="en">&#10;Qobuz addon for XBMC. It enables
			accessto Qobuz music streaming service. You should enter your Qobuz
			username and password in the addon settings and you need a valid
			subscription. (This application uses the Qobuz API but is not
			certified by Qobuz.)&#10; </description>
		<description lang="fr">&#10;addon Qobuz pour XBMC. Il permet
			d'accéder à l'ensemble du service streaming de Qobuz. Vous devez
			fournir un nom d'utilisateur ainsi qu'un mot de passe dans les
			paramètres de l'addon et un abonnement valide (This application uses
			the Qobuz API but is not certified by Qobuz.)&#10; </description>
		<platform>all</platform>
	</extension>
	<extension point="xbmc.service"
	    library="resources/lib/qobuz/service/monitor.py" start='login' />
    <extension point="xbmc.service" 
	    library="resources/lib/qobuz/service/httpd.py" start='login' />
</addon>
