<window id="20700">
    <defaultcontrol always="true">50</defaultcontrol>
    <allowoverlay>no</allowoverlay>
<!--     <views>50,51,500,550,551,509,506,511,512,513</views> -->
    <controls>
        <control type="group">
            <posx>240</posx>
            <posy>0</posy>
            <visible>True</visible>
            <include>VisibleFadeEffect</include>
            <animation effect="slide" end="-510,0" time="400" tween="quadratic" easing="out">WindowClose</animation>
            <animation effect="slide" start="-510,0" time="400" tween="quadratic" easing="out">WindowOpen</animation>
            <control type="image">
                <posx>0</posx>
                <posy>0</posy>
                <width>250</width>
                <height>35</height>
                <texture border="0,0,32,0">header.png</texture>
            </control>
            <control type="label">
                <include>WindowTitleCommons</include>
                <posx>220</posx>
                <label>$LOCALIZE[132] ze f e</label>
            </control>
        </control>
        <control type="group">
            <posx>60</posx>
            <posy>0</posy>
            <animation effect="slide" end="-310,0" time="400" tween="quadratic" easing="out">WindowClose</animation>
            <animation effect="slide" start="-310,0" time="400" tween="quadratic" easing="out">WindowOpen</animation>
            <control type="image">
                <posx>0</posx>
                <posy>0</posy>
                <width>250</width>
                <height>35</height>
                <texture border="0,0,32,0">header.png</texture>
            </control>
            <control type="label">
                <include>WindowTitleCommons</include>
                <posx>220</posx>
                <label>$LOCALIZE[10516]</label>
            </control>
        </control>
        <include>WindowTitleHomeButton</include>
        <include>Clock</include>
    </controls>
</window>
